CHAOS_ID,PatientName,XRayTubeCurrent,PixelSpacing,SliceThickness,BodyPartExamined,InstitutionName,ConvolutionKernel,KVP,CTDIvol,StudyDescription,SeriesDescription,Manufacturer,ManufacturerModelName,seg_nnInteractive_origin,seg_nnInteractive_spacing,seg_nnInteractive_direction,seg_TotalSegmentator_origin,seg_TotalSegmentator_spacing,seg_TotalSegmentator_direction
39,CHAOS^CT_SET_39,227,"[0.772, 0.772]",2.0,,,FC18,100.0,,,TEST,GE MEDICAL SYSTEMS,Revolution HD,"(-196.48800659179688, 197.2218017578125, -1601.5)","(0.7720000147819519, 0.7720000147819519, 2.0)","(1.0, 0.0, 0.0, 0.0, -1.0, 0.0, 0.0, 0.0, 1.0)","(-196.48800659179688, 197.2218017578125, -1601.5)","(0.7720000147819519, 0.7720000147819519, 2.0)","(1.0, 0.0, 0.0, 0.0, -1.0, 0.0, 0.0, 0.0, 1.0)"
38,CHAOS^CT_SET_38,296,"[0.76171875, 0.76171875]",2.0,,,B,120.0,,,TEST,GE MEDICAL SYSTEMS,Revolution EVO,"(-187.0, 345.23828125, -339.6000061035156)","(0.76171875, 0.76171875, 1.0)","(1.0, 0.0, 0.0, 0.0, -1.0, 0.0, 0.0, 0.0, 1.0)","(-187.0, 345.23828125, -339.6000061035156)","(0.76171875, 0.76171875, 1.0)","(1.0, 0.0, 0.0, 0.0, -1.0, 0.0, 0.0, 0.0, 1.0)"
40,CHAOS^CT_SET_40,305,"[0.68359375, 0.68359375]",2.0,,,B,120.0,,,TEST,Canon Medical Systems,Aquilion ONE,"(-183.0, 344.31640625, -282.0)","(0.68359375, 0.68359375, 1.0)","(1.0, 0.0, 0.0, 0.0, -1.0, 0.0, 0.0, 0.0, 1.0)","(-183.0, 344.31640625, -282.0)","(0.68359375, 0.68359375, 1.0)","(1.0, 0.0, 0.0, 0.0, -1.0, 0.0, 0.0, 0.0, 1.0)"
37,CHAOS^CT_SET_37,391,"[0.68359375, 0.68359375]",2.0,,,B,120.0,,,TEST,Canon Medical Systems,Aquilion ONE,"(-177.0, 286.31640625, -301.29998779296875)","(0.68359375, 0.68359375, 1.0)","(1.0, 0.0, 0.0, 0.0, -1.0, 0.0, 0.0, 0.0, 1.0)","(-177.0, 286.31640625, -301.29998779296875)","(0.68359375, 0.68359375, 1.0)","(1.0, 0.0, 0.0, 0.0, -1.0, 0.0, 0.0, 0.0, 1.0)"
